deputado_id,total_proposicoes,deputado_nome,proposicoes_aprovadas,taxa_aprovacao_%
3151.0,7,Jairo Ataide,0.0,0.0
4927.0,1,Jorginho Maluly,0.0,0.0
4930.0,12,Silvio Costa,0.0,0.0
4931.0,40,Izalci,3.0,7.5
62881.0,68,Danilo Forte,6.0,8.82
64960.0,8,Maria Helena,3.0,37.5
66179.0,101,Norma Ayub,6.0,5.94
66385.0,22,Julio Arcoverde,1.0,4.55
66828.0,138,Fausto Pinato,4.0,2.9
67138.0,64,Iracema Portella,5.0,7.81
67312.0,9,Júlia Marinho,1.0,11.11
68720.0,48,Fábio Henrique,2.0,4.17
68731.0,12,Henrique Oliveira,0.0,0.0
69871.0,116,Bacelar,5.0,4.31
72442.0,238,Felipe Carreras,9.0,3.78
72912.0,16,Celso Pansera,0.0,0.0
73416.0,33,Nelson Bornier,2.0,6.06
73424.0,31,Simão Sessim,4.0,12.9
73428.0,1,Aldo Rebelo,1.0,100.0
73433.0,74,Arlindo Chinaglia,7.0,9.46
73434.0,101,Arnaldo Faria de Sá,5.0,4.95
73437.0,4,Beto Mansur,0.0,0.0
73441.0,95,Celso Russomanno,5.0,5.26
73447.0,12,Edinho Araújo,1.0,8.33
73454.0,1,João Grandão,1.0,100.0
73456.0,1,Waldemir Moka,1.0,100.0
73458.0,14,Alex Canziani,3.0,21.43
73459.0,14,Dr. Rosinha,0.0,0.0
73460.0,44,Gustavo Fruet,3.0,6.82
73461.0,2,Íris Simões,0.0,0.0
73463.0,23,Osmar Serraglio,5.0,21.74
73466.0,207,Rubens Bueno,17.0,8.21
73471.0,1,Fernando Coruja,0.0,0.0
73472.0,1,Gervásio Silva,0.0,0.0
73474.0,12,Luci Choinacki,2.0,16.67
73478.0,27,Beto Albuquerque,4.0,14.81
73481.0,6,Fernando Marroni,1.0,16.67
73482.0,100,Henrique Fontana,6.0,6.0
73483.0,26,Luis Carlos Heinze,1.0,3.85
73486.0,438,Pompeo de Mattos,7.0,1.6
73492.0,2,Antonio Carlos Biscaia,0.0,0.0
73507.0,12,Rose de Freitas,0.0,0.0
73531.0,175,Ivan Valente,6.0,3.43
73534.0,9,João Paulo Cunha,0.0,0.0
73535.0,40,Jorge Tadeu Mudalen,0.0,0.0
73540.0,1,José Genoíno,0.0,0.0
73545.0,1,Luciano Zica,1.0,100.0
73553.0,29,Nelson Marquezelli,1.0,3.45
73556.0,11,Regis de Oliveira,0.0,0.0
73558.0,52,Robson Tuma,0.0,0.0
73559.0,8,Salvador Zimbaldi,0.0,0.0
73560.0,2,Silvio Torres,0.0,0.0
73565.0,4,Valdemar Costa Neto,0.0,0.0
73568.0,40,Celso Jacob,0.0,0.0
73569.0,1,Jorge Pinheiro,0.0,0.0
73579.0,337,Alberto Fraga,0.0,0.0
73584.0,109,Antonio Carlos Mendes Thame,3.0,2.75
73586.0,82,Júlio Delgado,5.0,6.1
73588.0,13,Mauro Benevides,1.0,7.69
73594.0,1,Nilmar Ruiz,0.0,0.0
73604.0,89,Rui Falcão,6.0,6.74
73653.0,67,Wellington Fagundes,0.0,0.0
73655.0,139,Augusto Carvalho,1.0,0.72
73658.0,4,Jofran Frejat,0.0,0.0
73666.0,35,Jovair Arantes,0.0,0.0
73673.0,1,Pedro Wilson,1.0,100.0
73674.0,6,Roberto Balestra,0.0,0.0
73676.0,27,Sandro Mabel,2.0,7.41
73682.0,30,João Dado,0.0,0.0
73692.0,53,Osmar Terra,10.0,18.87
73696.0,41,Angela Amin,7.0,17.07
73701.0,237,Benedita da Silva,20.0,8.44
73714.0,3,José Reinaldo,1.0,33.33
73716.0,1,Leomar Quintanilha,0.0,0.0
73720.0,17,Cesar Souza,0.0,0.0
73761.0,1,Nelson Trad,0.0,0.0
73764.0,1,Abelardo Lupion,0.0,0.0
73768.0,31,Dilceu Sperafico,1.0,3.23
73772.0,7,Hermes Parcianello,2.0,28.57
73778.0,97,Luiz Carlos Hauly,0.0,0.0
73786.0,3,Reinhold Stephanes,1.0,33.33
73788.0,34,Ricardo Barros,2.0,5.88
73793.0,42,Edinho Bez,4.0,9.52
73801.0,57,Renildo Calheiros,5.0,8.77
73805.0,15,Roberto Freire,0.0,0.0
73806.0,12,Roseana Sarney,1.0,8.33
73808.0,23,Sérgio Brito,2.0,8.7
73809.0,1,Uldurico Pinto,0.0,0.0
73831.0,6,Tampinha,0.0,0.0
73873.0,1,João Matos,0.0,0.0
73874.0,5,João Pizzolatti,1.0,20.0
73875.0,3,José Carlos Vieira,0.0,0.0
73883.0,11,Paulo Bornhausen,0.0,0.0
73891.0,18,Darcísio Perondi,3.0,16.67
73892.0,24,Eliseu Padilha,0.0,0.0
73893.0,29,Enio Bacci,0.0,0.0
73904.0,8,Mendes Ribeiro Filho,1.0,12.5
73907.0,3,Nelson Proença,0.0,0.0
73924.0,8,Davi Alcolumbre,0.0,0.0
73926.0,22,Janete Capiberibe,3.0,13.64
73930.0,20,Wladimir Costa,1.0,5.0
73931.0,17,Zé Geraldo,0.0,0.0
73933.0,19,Zequinha Marinho,0.0,0.0
73934.0,43,Carlos Souza,0.0,0.0
73936.0,4,Lupércio Ramos,0.0,0.0
73937.0,5,Anselmo de Jesus,0.0,0.0
73938.0,3,Eduardo Valverde,0.0,0.0
73940.0,10,Henrique Afonso,0.0,0.0
73943.0,118,Perpétua Almeida,5.0,4.24
73945.0,6,Eduardo Gomes,1.0,16.67
73981.0,1,Francisco Rodrigues,0.0,0.0
73982.0,22,Luciano Castro,0.0,0.0
73992.0,3,Yeda Crusius,0.0,0.0
73993.0,1,Arnaldo Madeira,0.0,0.0
73998.0,2,SYLVIO LOPES,1.0,50.0
74000.0,1,Chico da Princesa,0.0,0.0
74005.0,1,Olavo Calheiros,0.0,0.0
74010.0,66,Valdir Colatto,1.0,1.52
74016.0,11,Costa Ferreira,0.0,0.0
74017.0,9,Paulo Feijó,0.0,0.0
74026.0,3,Clóvis Fecury,0.0,0.0
74027.0,14,Ribamar Alves,1.0,7.14
74031.0,1,João Alfredo,1.0,100.0
74032.0,1,Pastor Pedro Ribeiro,0.0,0.0
74037.0,14,Fátima Bezerra,3.0,21.43
74039.0,90,Sandra Rosado,4.0,4.44
74040.0,19,Benjamin Maranhão,0.0,0.0
74041.0,94,Luiz Couto,6.0,6.38
74043.0,47,Wellington Roberto,5.0,10.64
74044.0,82,Wilson Santiago,1.0,1.22
74045.0,11,Maurício Rands,2.0,18.18
74047.0,17,Paulo Rubem Santiago,2.0,11.76
74048.0,10,Raul Jungmann,0.0,0.0
74049.0,1,João Lyra,0.0,0.0
74050.0,9,Maurício Quintella Lessa,0.0,0.0
74052.0,60,Bosco Costa,2.0,3.33
74053.0,1,Heleno Silva,0.0,0.0
74056.0,28,Mendonça Prado,0.0,0.0
74057.0,167,Alice Portugal,16.0,9.58
74058.0,1,Antonio Carlos Magalhães Neto,0.0,0.0
74059.0,3,Luiz Bassuma,0.0,0.0
74060.0,92,Daniel Almeida,7.0,7.61
74061.0,1,Edson Duarte,0.0,0.0
74062.0,6,Fábio Souto,0.0,0.0
74065.0,16,Fátima Pelaes,0.0,0.0
74075.0,59,Elcione Barbalho,6.0,10.17
74076.0,1,Gerson Peres,0.0,0.0
74077.0,8,Giovanni Queiroz,0.0,0.0
74079.0,30,José Priante,3.0,10.0
74082.0,2,Paulo Rocha,0.0,0.0
74084.0,105,Raimundo Santos,3.0,2.86
74090.0,36,Átila Lins,3.0,8.33
74095.0,37,Pauderney Avelino,4.0,10.81
74103.0,13,Ariosto Holanda,3.0,23.08
74106.0,13,Edson Silva,1.0,7.69
74119.0,3,Emanuel Fernandes,0.0,0.0
74120.0,2,João Magalhães,0.0,0.0
74124.0,53,Marçal Filho,0.0,0.0
74133.0,8,Luiz Alberto,1.0,12.5
74137.0,1,Luiz Eduardo Greenhalgh,1.0,100.0
74140.0,8,José Carlos Araújo,0.0,0.0
74141.0,9,Josias Gomes,0.0,0.0
74145.0,3,Zezéu Ribeiro,2.0,66.67
74151.0,11,Geraldo Thadeu,0.0,0.0
74152.0,2,Isaias Silvestre,0.0,0.0
74153.0,1,Ivo José,1.0,100.0
74156.0,177,Leonardo Monteiro,9.0,5.08
74158.0,165,Mário Heringer,3.0,1.82
74159.0,82,Odair Cunha,12.0,14.63
74160.0,234,Patrus Ananias,9.0,3.85
74161.0,228,Reginaldo Lopes,8.0,3.51
74162.0,12,Iriny Lopes,2.0,16.67
74163.0,102,Manato,2.0,1.96
74165.0,28,Neucimar Fraga,1.0,3.57
74169.0,1,Bernardo Ariston,0.0,0.0
74171.0,114,Chico Alencar,3.0,2.63
74172.0,27,Deley,1.0,3.7
74173.0,39,Eduardo Cunha,2.0,5.13
74177.0,12,Marinha Raupp,3.0,25.0
74191.0,6,Osvaldo Reis,0.0,0.0
74197.0,26,Domingos Dutra,2.0,7.69
74200.0,23,Gastão Vieira,2.0,8.7
74207.0,4,Pedro Novais,0.0,0.0
74209.0,1,Roberto Rocha,0.0,0.0
74210.0,27,Sarney Filho,1.0,3.7
74212.0,6,Aníbal Gomes,2.0,33.33
74213.0,5,Antonio Balhmann,0.0,0.0
74216.0,31,Raimundo Gomes de Matos,3.0,9.68
74218.0,1,Walter Pinheiro,1.0,100.0
74222.0,2,Asdrubal Bentes,0.0,0.0
74230.0,12,Colbert Martins,0.0,0.0
74235.0,12,Marcus Vicente,0.0,0.0
74253.0,128,Julio Lopes,4.0,3.12
74254.0,22,Leonardo Picciani,2.0,9.09
74262.0,142,Carlos Sampaio,4.0,2.82
74264.0,2,Devanir Ribeiro,0.0,0.0
74265.0,8,Dimas Ramalho,0.0,0.0
74270.0,57,Gilberto Nascimento,0.0,0.0
74273.0,85,Jefferson Campos,3.0,3.53
74274.0,1,José Eduardo Cardozo,1.0,100.0
74275.0,9,José Mentor,0.0,0.0
74277.0,21,Lobbe Neto,0.0,0.0
74278.0,6,Marcelo Ortiz,0.0,0.0
74283.0,228,Vicentinho,11.0,4.82
74284.0,31,Walter Feldman,0.0,0.0
74286.0,3,Thelma de Oliveira,0.0,0.0
74290.0,7,Carlos Alberto Leréia,0.0,0.0
74291.0,1,Arnon Bezerra,0.0,0.0
74297.0,10,José Linhares,1.0,10.0
74299.0,29,Leônidas Cristino,2.0,6.9
74300.0,4,Marcelo Teixeira,0.0,0.0
74305.0,40,Roberto Pessoa,0.0,0.0
74308.0,1,Vicente Arruda,0.0,0.0
74317.0,45,Júlio Cesar,2.0,4.44
74319.0,13,Paes Landim,0.0,0.0
74321.0,5,Betinho Rosado,0.0,0.0
74324.0,7,Henrique Eduardo Alves,3.0,42.86
74345.0,5,Evandro Milhomen,1.0,20.0
74351.0,6,Josué Bengtson,0.0,0.0
74352.0,4,Nilson Pinto,1.0,25.0
74354.0,1,Zenaldo Coutinho,0.0,0.0
74356.0,77,Silas Câmara,2.0,2.6
74357.0,3,Vanessa Grazziotin,0.0,0.0
74359.0,6,Nilton Capixaba,0.0,0.0
74363.0,17,Marcio Bittar,0.0,0.0
74365.0,1,Nilson Mourão,0.0,0.0
74366.0,79,João Campos,5.0,6.33
74368.0,2,Leonardo Vilela,0.0,0.0
74370.0,1,Professora Raquel Teixeira,0.0,0.0
74371.0,263,Rubens Otoni,8.0,3.04
74372.0,86,Sandes Júnior,1.0,1.16
74373.0,5,Biffi,1.0,20.0
74374.0,77,Geraldo Resende,1.0,1.3
74376.0,166,Vander Loubet,9.0,5.42
74377.0,2,Andre Zacharow,0.0,0.0
74378.0,12,Assis do Couto,0.0,0.0
74379.0,1,Cezar Silvestri,0.0,0.0
74382.0,13,Eduardo Sciarra,1.0,7.69
74383.0,32,Giacobo,2.0,6.25
74385.0,36,Takayama,0.0,0.0
74388.0,12,Jorge Boeira,0.0,0.0
74389.0,1,Mauro Passos,1.0,100.0
74391.0,4,Vignatti,2.0,50.0
74392.0,5,Zonta,0.0,0.0
74395.0,13,José Otávio Germano,0.0,0.0
74397.0,8,Luciana Genro,0.0,0.0
74398.0,265,Maria do Rosário,23.0,8.68
74399.0,81,Onyx Lorenzoni,1.0,1.23
74400.0,183,Paulo Pimenta,10.0,5.46
74405.0,1,Armando Abílio,0.0,0.0
74417.0,6,Fernando Ferro,0.0,0.0
74419.0,103,Gonzaga Patriota,3.0,2.91
74421.0,32,Inocêncio Oliveira,0.0,0.0
74423.0,14,José Chaves,0.0,0.0
74428.0,100,Mendonça Filho,4.0,4.0
74433.0,1,Roberto Magalhães,0.0,0.0
74435.0,1,Sergio Guerra,0.0,0.0
74439.0,56,Wolney Queiroz,2.0,3.57
74445.0,3,João Castelo,0.0,0.0
74449.0,14,Pedro Fernandes,1.0,7.14
74454.0,11,Eunício Oliveira,0.0,0.0
74455.0,3,Leo Alcântara,0.0,0.0
74456.0,1,Manoel Salviano,0.0,0.0
74457.0,3,Moroni Torgan,0.0,0.0
74459.0,21,Átila Lira,4.0,19.05
74460.0,7,Marcelo Castro,1.0,14.29
74467.0,80,Damião Feliciano,4.0,5.0
74470.0,3,Marcondes Gadelha,0.0,0.0
74471.0,57,André de Paula,4.0,7.02
74474.0,18,Carlos Eduardo Cadoca,3.0,16.67
74478.0,21,Luciano Bivar,1.0,4.76
74490.0,5,Washington Luiz,0.0,0.0
74491.0,10,Nazareno Fonteles,1.0,10.0
74496.0,1,Zarattini,0.0,0.0
74528.0,1,Jerônimo Reis,0.0,0.0
74533.0,6,Sérgio Barradas Carneiro,0.0,0.0
74535.0,1,Benito Gama,0.0,0.0
74537.0,30,Claudio Cajado,3.0,10.0
74542.0,2,Félix Mendonça,0.0,0.0
74550.0,11,João Leão,0.0,0.0
74553.0,3,José Carlos Aleluia,0.0,0.0
74554.0,36,José Rocha,2.0,5.56
74556.0,6,Pedro Eugênio,1.0,16.67
74558.0,24,Givaldo Carimbão,3.0,12.5
74559.0,10,João Caldas,0.0,0.0
74566.0,5,Geraldo Simões,0.0,0.0
74570.0,11,Jutahy Junior,1.0,9.09
74571.0,27,Nelson Pellegrino,0.0,0.0
74574.0,36,Paulo Magalhães,1.0,2.78
74580.0,41,Edmar Moreira,0.0,0.0
74581.0,24,Gilmar Machado,0.0,0.0
74585.0,173,Lincoln Portela,4.0,2.31
74586.0,1,Maria do Carmo Lara,0.0,0.0
74587.0,9,Maria Lúcia Cardoso,0.0,0.0
74590.0,2,Rafael Guerra,0.0,0.0
74593.0,1,Virgílio Guimarães,0.0,0.0
74634.0,8,Marcos Medrado,0.0,0.0
74635.0,4,Mário Negromonte,0.0,0.0
74641.0,1,Severiano Alves,1.0,100.0
74646.0,33,Aécio Neves,2.0,6.06
74650.0,74,Bonifácio de Andrada,0.0,0.0
74651.0,14,Carlos Melles,2.0,14.29
74655.0,107,Eduardo Barbosa,12.0,11.21
74662.0,2,HUMBERTO SOUTO,0.0,0.0
74665.0,61,Jaime Martins,2.0,3.28
74686.0,6,Jorge Bittar,0.0,0.0
74688.0,4,Luiz Sérgio,0.0,0.0
74693.0,35,Rodrigo Maia,1.0,2.86
74696.0,28,Alberto Mourão,2.0,7.14
74741.0,2,José Santana de Vasconcellos,0.0,0.0
74742.0,1,Lael Varella,0.0,0.0
74744.0,3,Márcio Reinaldo Moreira,0.0,0.0
74747.0,5,Mário de Oliveira,0.0,0.0
74749.0,37,Mauro Lopes,3.0,8.11
74750.0,11,Newton Cardoso,0.0,0.0
74751.0,3,Nilmário Miranda,0.0,0.0
74752.0,8,Odelmo Leão,0.0,0.0
74754.0,1,Paulo Delgado,0.0,0.0
74762.0,3,Saraiva Felipe,0.0,0.0
74765.0,18,Silas Brasileiro,0.0,0.0
74777.0,4,Rita Camata,0.0,0.0
74780.0,8,Iara Bernardi,1.0,12.5
74783.0,1,Julio Semeghini,0.0,0.0
74784.0,170,Luiza Erundina,14.0,8.24
74787.0,23,Milton Monti,2.0,8.7
74793.0,34,Ricardo Berzoini,0.0,0.0
74802.0,1,Magela,0.0,0.0
74806.0,3,Tadeu Filippelli,0.0,0.0
74812.0,8,Pedro Chaves,1.0,12.5
74813.0,18,Ronaldo Caiado,1.0,5.56
74830.0,4,Alexandre Santos,0.0,0.0
74833.0,15,Arolde de Oliveira,0.0,0.0
74835.0,2,Carlos Santana,0.0,0.0
74838.0,3,Edson Ezequiel,0.0,0.0
74841.0,2,Fernando Gabeira,0.0,0.0
74843.0,3,Fernando Lopes,0.0,0.0
74847.0,55,Jair Bolsonaro,1.0,1.82
74848.0,158,Jandira Feghali,18.0,11.39
74856.0,257,Laura Carneiro,21.0,8.17
74858.0,44,Lindbergh Farias,0.0,0.0
74862.0,53,Miro Teixeira,2.0,3.77
75431.0,35,Maurício Dziedricki,0.0,0.0
76287.0,30,Marcelo Matos,0.0,0.0
76420.0,4,Rui Palmeira,0.0,0.0
76874.0,99,Marcelo Freixo,4.0,4.04
77003.0,2,Sergio Santos Rodrigues,0.0,0.0
80815.0,54,Leo Prates,0.0,0.0
80920.0,10,Penna,1.0,10.0
81055.0,46,Márcio Jerry,3.0,6.52
81232.0,48,Irajá Abreu,2.0,4.17
81297.0,206,Dra. Soraya Manato,11.0,5.34
81366.0,4,Luana Costa,0.0,0.0
81512.0,1,Luciana Costa,0.0,0.0
86634.0,4,Fredo Junior,0.0,0.0
88256.0,74,Clodoaldo Magalhães,1.0,1.35
88950.0,20,Rodrigo Garcia,1.0,5.0
89282.0,28,Reguffe,0.0,0.0
89536.0,68,Prof. Paulo Fernando,1.0,1.47
90201.0,73,Pedro Augusto Bezerra,1.0,1.37
90842.0,33,Santini,2.0,6.06
91228.0,27,Waldemar Oliveira,2.0,7.41
92102.0,26,Leur Lomanto Júnior,2.0,7.69
92172.0,15,Milton Coelho,1.0,6.67
92346.0,87,Eduardo Bolsonaro,2.0,2.3
92355.0,17,Vitor Paulo,1.0,5.88
92699.0,38,Fernando Monteiro,4.0,10.53
92776.0,35,Stefano Aguiar,1.0,2.86
93083.0,22,Cacá Leão,4.0,18.18
93472.0,29,Cristiane Brasil,3.0,10.34
94931.0,21,Lucio Vieira Lima,0.0,0.0
97707.0,17,Heráclito Fortes,1.0,5.88
97822.0,19,Jaqueline Roriz,0.0,0.0
98057.0,64,Lafayette de Andrada,1.0,1.56
98148.0,67,Cobalchini,1.0,1.49
98615.0,34,Ismael,1.0,2.94
99654.0,12,Erivelton Santana,0.0,0.0
100689.0,6,Hildo do Candango,0.0,0.0
101309.0,18,Davidson Magalhães,0.0,0.0
103758.0,20,Luciano Azevedo,1.0,5.0
104552.0,50,Socorro Neri,2.0,4.0
105112.0,13,Cabuçu Borges,0.0,0.0
105534.0,1,Alexandre Figueiredo,0.0,0.0
107283.0,151,Gleisi Hoffmann,8.0,5.3
107970.0,22,Ana Paula Leão,1.0,4.55
108338.0,46,Jaqueline Cassol,3.0,6.52
109152.0,23,Bernardo Santana de Vasconcellos,1.0,4.35
109372.0,3,Paulo Ferreira,0.0,0.0
109429.0,85,Benes Leocádio,1.0,1.18
112437.0,9,João Marcelo Souza,2.0,22.22
113247.0,12,Valmir Prascidelli,2.0,16.67
114941.0,28,Josi Nunes,2.0,7.14
115200.0,10,Raniery Paulino,0.0,0.0
115746.0,3,Gelson Azevedo,0.0,0.0
116379.0,83,Darci de Matos,3.0,3.61
116663.0,13,Alfredo Sirkis,0.0,0.0
118384.0,3,Dr. Carlos Alberto,0.0,0.0
118594.0,13,Marcelo Squassoni,0.0,0.0
121759.0,9,Marllos Sampaio,0.0,0.0
121948.0,33,Adriano do Baldy,2.0,6.06
122158.0,56,Pedro Paulo,6.0,10.71
122195.0,56,Leonardo Gadelha,0.0,0.0
122466.0,41,Ronaldo Martins,2.0,4.88
122974.0,92,Pedro Lucas Fernandes,3.0,3.26
123086.0,20,Átila Lira,1.0,5.0
123756.0,39,Antônia Lúcia,0.0,0.0
124411.0,4,Mauro Pereira,0.0,0.0
128760.0,7,Paulo Marinho Jr,0.0,0.0
129037.0,17,Gabriel Guimarães,0.0,0.0
129618.0,86,Gorete Pereira,1.0,1.16
130398.0,1,ANDRE FERNANDES,0.0,0.0
131085.0,1,BILAC PINTO,1.0,100.0
131943.0,3,Jarbas Vasconcelos,0.0,0.0
131966.0,2,José Fogaça,0.0,0.0
132056.0,1,Paulo Maluf,0.0,0.0
132504.0,161,Enio Verri,7.0,4.35
133373.0,57,Marco Maia,0.0,0.0
133374.0,45,Ademir Camilo,0.0,0.0
133375.0,1,Edinho Montemor,0.0,0.0
133439.0,212,André Figueiredo,16.0,7.55
133810.0,51,Marcelo Moraes,2.0,3.92
133853.0,3,Ibsen Pinheiro,0.0,0.0
133968.0,76,Paulo Ramos,1.0,1.32
134812.0,74,Edmilson Rodrigues,6.0,8.11
135054.0,5,Cristiano Vale,1.0,20.0
136811.0,88,Afonso Hamm,10.0,11.36
137070.0,101,Vicentinho Júnior,5.0,4.95
137853.0,11,Wadson Ribeiro,0.0,0.0
137983.0,15,Francisco Escórcio,0.0,0.0
138286.0,21,Luciano Alves,0.0,0.0
139187.0,4,Edmilson Valentim,0.0,0.0
139212.0,35,Francisco Rossi,0.0,0.0
139285.0,186,Lídice da Mata,13.0,6.99
141335.0,129,Beto Faro,7.0,5.43
141344.0,4,Fernando Chucre,0.0,0.0
141372.0,24,Aelton Freitas,4.0,16.67
141373.0,5,Albano Franco,0.0,0.0
141375.0,25,Aline Corrêa,1.0,4.0
141377.0,1,Ana Arraes,1.0,100.0
141378.0,6,Andre Vargas,0.0,0.0
141379.0,57,Andreia Zito,0.0,0.0
141380.0,2,Angela Portela,0.0,0.0
141381.0,5,Angelo Vanhoni,1.0,20.0
141382.0,2,Tonha Magalhães,0.0,0.0
141383.0,53,Antonio Bulhões,1.0,1.89
141384.0,41,Valadares Filho,0.0,0.0
141385.0,15,Duarte Nogueira,0.0,0.0
141386.0,5,Eudes Xavier,1.0,20.0
141387.0,2,Antônio Andrade,0.0,0.0
141389.0,29,Indio da Costa,0.0,0.0
141390.0,39,Antônio Roberto,1.0,2.56
141391.0,60,Arnaldo Jardim,2.0,3.33
141393.0,4,Bruno Rodrigues,0.0,0.0
141394.0,9,Bruno Araújo,2.0,22.22
141395.0,20,Camilo Cola,0.0,0.0
141396.0,16,Cândido Vaccarezza,1.0,6.25
141397.0,1,Carlos Alberto Canuto,0.0,0.0
141398.0,118,Carlos Zarattini,11.0,9.32
141399.0,1,Brizola Neto,1.0,100.0
141400.0,20,Vieira da Cunha,2.0,10.0
141401.0,632,Carlos Bezerra,9.0,1.42
141402.0,8,Carlos Brandão,0.0,0.0
141403.0,19,Ratinho Junior,0.0,0.0
141405.0,48,Celso Maldaner,3.0,6.25
141407.0,3,Ciro Pedrosa,0.0,0.0
141408.0,215,Cleber Verde,2.0,0.93
141411.0,120,Dagoberto,4.0,3.33
141412.0,15,Davi Alves Silva Júnior,0.0,0.0
141413.0,28,Décio Lima,2.0,7.14
141416.0,1,Edgar Moury,0.0,0.0
141417.0,11,Edio Lopes,1.0,9.09
141419.0,6,Edson Santos,1.0,16.67
141421.0,232,Eduardo da Fonte,3.0,1.29
141422.0,53,Efraim Filho,6.0,11.32
141423.0,46,Eliene Lima,0.0,0.0
141427.0,28,Fábio Ramalho,1.0,3.57
141428.0,60,Fábio Faria,1.0,1.67
141429.0,15,Felipe Maia,1.0,6.67
141430.0,163,Felipe Bornier,1.0,0.61
141431.0,22,Fernando Coelho Filho,0.0,0.0
141433.0,12,Filipe Pereira,0.0,0.0
141434.0,23,Flaviano Melo,2.0,8.7
141435.0,5,Flávio Bezerra,0.0,0.0
141436.0,2,Flávio Dino,0.0,0.0
141438.0,14,Francisco Praciano,0.0,0.0
141439.0,82,Chico D'Angelo,8.0,9.76
141440.0,30,Chico Lopes,1.0,3.33
141441.0,2,George Hilton,0.0,0.0
141442.0,3,Geraldo Pudim,0.0,0.0
141443.0,4,Germano Bonow,0.0,0.0
141445.0,33,Pepe Vargas,1.0,3.03
141446.0,3,Gladson Cameli,0.0,0.0
141447.0,32,Guilherme Campos,1.0,3.12
141448.0,7,Homero Pereira,0.0,0.0
141450.0,177,Hugo Leal,11.0,6.21
141453.0,2,Íris de Araújo,0.0,0.0
141454.0,28,Alfredo Kaefer,0.0,0.0
141455.0,23,Janete Rocha Pietá,0.0,0.0
141456.0,32,Jilmar Tatto,1.0,3.12
141457.0,1,João Bittar,1.0,100.0
141458.0,28,João Carlos Bacelar,4.0,14.29
141459.0,33,João Maia,4.0,12.12
141460.0,1,João Oliveira,0.0,0.0
141461.0,4,Joaquim Beltrão,0.0,0.0
141462.0,13,Lira Maia,0.0,0.0
141463.0,10,Abelardo Camarinha,1.0,10.0
141464.0,150,José Airton Cirilo,7.0,4.67
141466.0,7,José Fernando Aparecido de Oliveira,0.0,0.0
141467.0,7,Francisco Tenorio,1.0,14.29
141468.0,2,Iran Barbosa,0.0,0.0
141469.0,1,Miguel Martini,0.0,0.0
141470.0,316,José Guimarães,26.0,8.23
141471.0,2,José Paulo Tóffano,0.0,0.0
141472.0,17,Ricardo Tripoli,0.0,0.0
141473.0,31,Roberto Santiago,1.0,3.23
141474.0,2,Julião Amin,0.0,0.0
141478.0,40,Laerte Bessa,0.0,0.0
141479.0,3,Laurez Moreira,0.0,0.0
141480.0,30,Lázaro Botelho,1.0,3.33
141481.0,2,Leandro Sampaio,0.0,0.0
141482.0,12,Leonardo Quintão,0.0,0.0
141483.0,43,Lindomar Garçon,0.0,0.0
141484.0,22,Lúcio Vale,2.0,9.09
141485.0,25,Luiz Carlos Busato,1.0,4.0
141487.0,21,Luiz Fernando Faria,1.0,4.76
141488.0,280,Paulo Teixeira,17.0,6.07
141490.0,43,Manoel Junior,0.0,0.0
141492.0,25,Manuela D'ávila,3.0,12.0
141493.0,2,Marcelo Serafim,0.0,0.0
141495.0,10,Marcelo Itagiba,0.0,0.0
141496.0,3,Marcio Junqueira,0.0,0.0
141497.0,20,Márcio França,0.0,0.0
141498.0,74,Dr. Ubiali,0.0,0.0
141500.0,25,Marcos Montes,1.0,4.0
141501.0,1,Cida Diogo,0.0,0.0
141502.0,6,Dalva Figueiredo,1.0,16.67
141503.0,46,Jô Moraes,1.0,2.17
141506.0,4,Maurício Trindade,0.0,0.0
141507.0,26,Mauro Mariani,0.0,0.0
141508.0,134,Mauro Nazif,3.0,2.24
141509.0,3,Miguel Corrêa,0.0,0.0
141510.0,16,Neilton Mulim,0.0,0.0
141511.0,8,Nelson Goetten,0.0,0.0
141513.0,22,Bilac Pinto,3.0,13.64
141514.0,6,Osmar Júnior,0.0,0.0
141515.0,145,Otavio Leite,8.0,5.52
141516.0,81,Paulo Abi-Ackel,2.0,2.47
141517.0,6,Paulo Henrique Lustosa,0.0,0.0
141518.0,40,Paulo Pereira da Silva,0.0,0.0
141519.0,8,Paulo Piau,1.0,12.5
141521.0,4,Paulo Roberto Pereira,0.0,0.0
141522.0,8,Sabino Castelo Branco,0.0,0.0
141523.0,41,Raul Henry,7.0,17.07
141525.0,8,Rebecca Garcia,1.0,12.5
141527.0,27,Renato Molling,0.0,0.0
141528.0,1,Renato Amary,0.0,0.0
141529.0,34,Roberto Britto,0.0,0.0
141530.0,12,Rodovalho,0.0,0.0
141531.0,38,Rodrigo de Castro,2.0,5.26
141532.0,1,Rodrigo Rocha Loures,0.0,0.0
141533.0,11,Rodrigo Rollemberg,0.0,0.0
141534.0,1,Rogerio Lisboa,0.0,0.0
141535.0,11,Rogério Marinho,0.0,0.0
141536.0,323,Rômulo Gouveia,4.0,1.24
141537.0,17,Moreira Mendes,1.0,5.88
141538.0,4,Professor Ruy Pauletti,0.0,0.0
141539.0,19,Sebastião Bala Rocha,1.0,5.26
141540.0,2,Dr. Nechar,0.0,0.0
141542.0,5,Sérgio Moraes,0.0,0.0
141543.0,1,Professor Setimo,0.0,0.0
141546.0,5,Solange Amaral,0.0,0.0
141547.0,1,Solange Almeida,0.0,0.0
141548.0,48,Sueli Vidigal,0.0,0.0
141550.0,9,Dr. Talmir,1.0,11.11
141552.0,70,Valtenir Pereira,3.0,4.29
141553.0,47,Vanderlei Macris,3.0,6.38
141554.0,11,Vicentinho Alves,0.0,0.0
141555.0,134,Vinicius Carvalho,8.0,5.97
141556.0,24,Vital do Rêgo Filho,0.0,0.0
141557.0,10,Vitor Penido,0.0,0.0
141558.0,9,Waldir Maranhão,1.0,11.11
141560.0,12,Walter Ihoshi,0.0,0.0
141561.0,10,Wandenkolk Gonçalves,0.0,0.0
141562.0,43,Lelo Coimbra,1.0,2.33
141563.0,53,William Woo,2.0,3.77
141870.0,12,Vilson Covatti,1.0,8.33
143084.0,27,Tiago Dimas,3.0,11.11
143253.0,11,Edigar Mão Branca,0.0,0.0
143632.0,97,Domingos Neto,5.0,5.15
143942.0,15,Caio Vianna,0.0,0.0
144523.0,57,Daniel Vilela,2.0,3.51
146307.0,21,Neri Geller,2.0,9.52
146613.0,9,Marcelo Almeida,0.0,0.0
146788.0,36,Marcelo Aro,6.0,16.67
146829.0,6,Fabiano Horta,0.0,0.0
146949.0,34,Rosinha da Adefal,1.0,2.94
147975.0,8,Dr. Paulo César,0.0,0.0
148134.0,110,Professor Victório Galli,0.0,0.0
149327.0,171,Major Fábio,0.0,0.0
150418.0,99,Márcio Marinho,4.0,4.04
150634.0,2,Ricardo Quirino,0.0,0.0
151208.0,145,Laercio Oliveira,5.0,3.45
151965.0,22,José Maia Filho,1.0,4.55
152605.0,118,Glauber Braga,2.0,1.69
152606.0,11,Capitão Assumção,0.0,0.0
152607.0,5,Zé Vieira,0.0,0.0
152608.0,2,Fernando Nascimento,0.0,0.0
152610.0,61,Roberto Alves,5.0,8.2
152865.0,1,Rodrigo Bethlem,0.0,0.0
153384.0,2,Emilia Fernandes,0.0,0.0
153423.0,24,Renilce Nicodemos,2.0,8.33
154178.0,31,Milton Vieira,2.0,6.45
154417.0,9,Paes de Lira,0.0,0.0
154739.0,1,José C. Stangarlini,0.0,0.0
154919.0,29,Eleuses Paiva,1.0,3.45
154996.0,7,Wilson Picler,0.0,0.0
154997.0,5,Emiliano José,2.0,40.0
156190.0,110,Marcel Van Hattem,2.0,1.82
157130.0,124,Túlio Gadêlha,8.0,6.45
158328.0,1,Chico Daltro,0.0,0.0
159237.0,59,Assis Carvalho,2.0,3.39
159238.0,18,Marcus Pestana,1.0,5.56
159258.0,11,Vicente Selistre,0.0,0.0
160161.0,80,Marcelo Queiroz,1.0,1.25
160396.0,3,José Humberto,0.0,0.0
160426.0,56,Rogério Rosso,1.0,1.79
160508.0,148,Afonso Florence,10.0,6.76
160509.0,55,Jorginho Mello,7.0,12.73
160510.0,69,Luis Tibé,6.0,8.7
160511.0,138,Alessandro Molon,11.0,7.97
160512.0,297,Aureo,4.0,1.35
160514.0,30,Dr. Grilo,1.0,3.33
160515.0,50,Ronaldo Benedet,6.0,12.0
160517.0,75,Paulo Foletto,5.0,6.67
160518.0,284,Weliton Prado,6.0,2.11
160519.0,40,Júlio Campos,0.0,0.0
160527.0,78,Aguinaldo Ribeiro,5.0,6.41
160528.0,122,Danilo Cabral,7.0,5.74
160529.0,16,Dr. Aluizio,0.0,0.0
160530.0,14,Antonio Imbassahy,3.0,21.43
160531.0,38,Jhonatan de Jesus,3.0,7.89
160532.0,35,Eli Correa Filho,0.0,0.0
160533.0,25,Liliam Sá,0.0,0.0
160534.0,69,Lauriete,1.0,1.45
160535.0,224,Marcon,11.0,4.91
160536.0,53,Marco Tebaldi,1.0,1.89
160537.0,11,Gabriel Chalita,2.0,18.18
160538.0,140,Bohn Gass,11.0,7.86
160539.0,17,Anthony Garotinho,1.0,5.88
160540.0,9,Otoniel Lima,0.0,0.0
160541.0,19,Arthur Lira,7.0,36.84
160542.0,53,Márcio Macêdo,2.0,3.77
160543.0,57,Andre Moura,5.0,8.77
160544.0,62,Junji Abe,0.0,0.0
160545.0,69,Alexandre Leite,1.0,1.45
160546.0,5,Armando Vergílio,1.0,20.0
160547.0,5,Luiz Argôlo,0.0,0.0
160548.0,292,Jonas Donizette,3.0,1.03
160549.0,10,João Paulo Lima,1.0,10.0
160550.0,7,Luiz Pitiman,0.0,0.0
160551.0,17,Anderson Ferreira,0.0,0.0
160552.0,56,Danrlei de Deus Hinterholz,1.0,1.79
160553.0,54,Antonio Brito,9.0,16.67
160554.0,4,Berinho Bantim,0.0,0.0
160555.0,29,Lourival Mendes,1.0,3.45
160556.0,204,Padre João,15.0,7.35
160557.0,9,Cláudio Puty,0.0,0.0
160558.0,30,Paulo Freire,3.0,10.0
160559.0,150,Alceu Moreira,12.0,8.0
160560.0,4,José de Filippi,0.0,0.0
160561.0,16,Missionário José Olimpio,0.0,0.0
160562.0,12,Giroto,0.0,0.0
160563.0,130,Onofre Santo Agostini,3.0,2.31
160564.0,37,Nilda Gondim,1.0,2.7
160565.0,59,Mara Gabrilli,3.0,5.08
160566.0,16,Nelson Padovani,0.0,0.0
160567.0,27,Nelson Marchezan Junior,2.0,7.41
160568.0,55,Rogério Carvalho,0.0,0.0
160569.0,166,Waldenor Pereira,10.0,6.02
160570.0,182,Jerônimo Goergen,9.0,4.95
160571.0,43,João Rodrigues,1.0,2.33
160572.0,51,Jorge Corte Real,0.0,0.0
160573.0,36,João Arruda,2.0,5.56
160574.0,12,João Ananias,0.0,0.0
160575.0,449,Erika Kokay,26.0,5.79
160576.0,46,César Halum,0.0,0.0
160577.0,14,Adrian,0.0,0.0
160578.0,34,Edmar Arruda,2.0,5.88
160579.0,12,Alexandre Roso,1.0,8.33
160580.0,9,Cida Borghetti,1.0,11.11
160581.0,51,Assis Melo,1.0,1.96
160582.0,12,Alberto Filho,0.0,0.0
160584.0,7,Carlinhos Almeida,1.0,14.29
160585.0,7,Carlaile Pedrosa,0.0,0.0
160586.0,32,William Dib,0.0,0.0
160587.0,121,Fabio Trad,2.0,1.65
160588.0,119,Diego Andrade,6.0,5.04
160589.0,37,Bruna Furlan,1.0,2.7
160591.0,27,Vinicius Gurgel,0.0,0.0
160592.0,104,Zeca Dirceu,5.0,4.81
160593.0,14,Paulo Wagner,0.0,0.0
160594.0,9,Ronaldo Zulke,1.0,11.11
160595.0,7,Vaz de Lima,0.0,0.0
160596.0,126,Heuler Cruvinel,0.0,0.0
160597.0,21,Romário,0.0,0.0
160598.0,225,Flávia Morais,11.0,4.89
160599.0,51,Dimas Fabiano,2.0,3.92
160600.0,50,Arthur Oliveira Maia,3.0,6.0
160601.0,125,Pastor Marco Feliciano,4.0,3.2
160602.0,57,Arnaldo Jordy,2.0,3.51
160603.0,44,Amauri Teixeira,0.0,0.0
160604.0,283,Pedro Uczai,12.0,4.24
160605.0,7,Carlos Magno,0.0,0.0
160606.0,12,Delegado Protógenes,0.0,0.0
160607.0,29,Jose Stédile,3.0,10.34
160608.0,7,Teresa Surita,0.0,0.0
160609.0,30,Walter Tosta,0.0,0.0
160610.0,263,Valmir Assunção,10.0,3.8
160611.0,26,Toninho Pinheiro,1.0,3.85
160612.0,13,Sergio Zveiter,0.0,0.0
160613.0,25,Sibá Machado,0.0,0.0
160614.0,21,Rosane Ferreira,3.0,14.29
160615.0,24,Reinaldo Azambuja,0.0,0.0
160616.0,19,Edivaldo Holanda Junior,1.0,5.26
160617.0,36,Thiago Peixoto,0.0,0.0
160618.0,26,Edson Pimenta,0.0,0.0
160619.0,13,José Nunes,0.0,0.0
160620.0,47,Washington Reis,2.0,4.26
160621.0,42,Sandro Alex,3.0,7.14
160622.0,19,Vicente Candido,1.0,5.26
160623.0,5,Renan Filho,0.0,0.0
160624.0,1,Celia Rocha,0.0,0.0
160625.0,12,Zoinho,0.0,0.0
160627.0,15,Stepan Nercessian,1.0,6.67
160628.0,19,Luciana Santos,2.0,10.53
160629.0,156,Romero Rodrigues,3.0,1.92
160630.0,7,Ságuas Moraes,0.0,0.0
160631.0,24,Walney Rocha,0.0,0.0
160632.0,120,Zé Silva,8.0,6.67
160633.0,20,Mandetta,2.0,10.0
160634.0,4,Chico das Verduras,0.0,0.0
160635.0,74,Ruy Carneiro,1.0,1.35
160636.0,82,Wilson Filho,1.0,1.22
160637.0,44,Ronaldo Fonseca,0.0,0.0
160638.0,26,Ângelo Agnolin,0.0,0.0
160639.0,104,Professora Dorinha Seabra Rezende,20.0,19.23
160640.0,74,Eros Biondini,4.0,5.41
160641.0,64,Professora Marcivania,5.0,7.81
160642.0,114,Pastor Eurico,2.0,1.75
160643.0,78,Dr. Jorge Silva,5.0,6.41
160644.0,23,Miriquinho Batista,1.0,4.35
160645.0,14,Luiz Carlos,1.0,7.14
160646.0,33,Fernando Francischini,0.0,0.0
160647.0,14,Eduardo Azeredo,0.0,0.0
160649.0,27,Esperidião Amin,7.0,25.93
160650.0,3,Oziel Oliveira,0.0,0.0
160651.0,113,Rogério Peninha Mendonça,5.0,4.42
160652.0,8,Roberto Teixeira,0.0,0.0
160653.0,289,Roberto de Lucena,7.0,2.42
160654.0,21,Renzo Braz,0.0,0.0
160655.0,212,Ricardo Izar,10.0,4.72
160656.0,13,Raul Lima,0.0,0.0
160657.0,20,Newton Lima,2.0,10.0
160658.0,3,Paulo Tadeu,0.0,0.0
160659.0,41,Keiko Ota,7.0,17.07
160660.0,17,Marcelo Aguiar,0.0,0.0
160661.0,7,José Augusto Maia,0.0,0.0
160662.0,7,Luiz Fernando Machado,0.0,0.0
160663.0,17,Leopoldo Meyer,2.0,11.76
160664.0,12,Cesar Colnago,0.0,0.0
160665.0,104,Augusto Coutinho,7.0,6.73
160666.0,170,Félix Mendonça Júnior,5.0,2.94
160667.0,51,Guilherme Mussi,2.0,3.92
160668.0,1,Paulo Cesar Quartiero,0.0,0.0
160669.0,5,Genecias Noronha,1.0,20.0
160670.0,21,Padre Ton,0.0,0.0
160671.0,21,Jesus Rodrigues,0.0,0.0
160672.0,60,Jean Wyllys,3.0,5.0
160673.0,195,Giovani Cherini,12.0,6.15
160674.0,52,Hugo Motta,5.0,9.62
160675.0,8,Jânio Natal,0.0,0.0
160676.0,29,Fernando Torres,0.0,0.0
160677.0,162,Francisco Floriano,0.0,0.0
160678.0,8,Artur Bruno,1.0,12.5
160679.0,11,Taumaturgo Lima,0.0,0.0
160680.0,27,Audifax,0.0,0.0
160758.0,93,Domingos Sávio,6.0,6.45
160974.0,3,Hugo Napoleão,0.0,0.0
160976.0,53,Tiririca,1.0,1.89
161440.0,60,Pezenti,2.0,3.33
161550.0,26,Emidinho Madeira,3.0,11.54
161903.0,3,Roberto Dorner,0.0,0.0
161904.0,4,Dudimar Paxiuba,0.0,0.0
161905.0,2,André Dias,0.0,0.0
161906.0,12,Luiz Otavio,0.0,0.0
161907.0,30,Acelino Popó,1.0,3.33
161962.0,5,Luiz Noé,0.0,0.0
162067.0,19,Kiko Celeguim,0.0,0.0
162174.0,37,Policarpo,0.0,0.0
162175.0,11,Eliane Rolim,0.0,0.0
162332.0,77,Luiz Nishimori,1.0,1.3
163321.0,51,Ronaldo Nogueira,3.0,5.88
163322.0,5,Vilalba,0.0,0.0
163831.0,20,Fernando Jordão,2.0,10.0
164359.0,97,Delegado Waldir,0.0,0.0
164360.0,240,Carmen Zanotto,23.0,9.58
164361.0,13,Marina Santanna,1.0,7.69
165429.0,8,Gean Loureiro,0.0,0.0
165470.0,56,Rodrigo Valadares,1.0,1.79
165583.0,2,Carlos Roberto,0.0,0.0
165675.0,8,Francisco Araújo,0.0,0.0
166401.0,69,Nilson Leitão,2.0,2.9
166402.0,52,Magda Mofatto,2.0,3.85
166727.0,1,Dra. Elaine Abissamra,0.0,0.0
167493.0,40,Weverton Rocha,2.0,5.0
167614.0,50,Severino Ninho,1.0,2.0
167617.0,7,Vanderlei Siraque,0.0,0.0
167707.0,1,Romanna Remor,0.0,0.0
167722.0,42,Marcos Rogério,0.0,0.0
168034.0,4,Cabo Juliano Rabelo,0.0,0.0
168175.0,12,Simplício Araújo,0.0,0.0
168447.0,2,Mário Feitoza,0.0,0.0
169711.0,1,Telma Pinheiro,0.0,0.0
169712.0,5,Alexandre Toledo,0.0,0.0
170673.0,12,Professor Sérgio de Oliveira,0.0,0.0
171139.0,9,Loreny,0.0,0.0
171617.0,157,Paulão,8.0,5.1
171618.0,12,Luiz de Deus,0.0,0.0
171619.0,88,Margarida Salomão,6.0,6.82
171620.0,1,Renato Andrade,0.0,0.0
171621.0,3,Eurico Júnior,0.0,0.0
171622.0,5,Manuel Rosa Neca,0.0,0.0
171623.0,35,Fabio Reis,2.0,5.71
171786.0,12,Miguel Ângelo,1.0,8.33
172029.0,1,Francisco Chagas,0.0,0.0
172711.0,8,Plínio Valério,0.0,0.0
172945.0,1,Ricardo Arruda,0.0,0.0
173262.0,1,Ilário Marques,1.0,100.0
173269.0,11,Akira Otsubo,0.0,0.0
173802.0,3,Goiaciara Cruz,0.0,0.0
174314.0,1,Pedro Guerra,0.0,0.0
174854.0,2,Denilson Teixeira,0.0,0.0
174861.0,2,Amir Lando,0.0,0.0
175212.0,9,Renato Simões,0.0,0.0
175737.0,5,Helcio Silva,0.0,0.0
175765.0,1,Ribamar Silva,0.0,0.0
176120.0,6,Gustavo Petta,0.0,0.0
176794.0,12,Maria Lucia Prandi,0.0,0.0
177118.0,3,Dudu Luiz Eduardo,0.0,0.0
177282.0,87,Subtenente Gonzaga,6.0,6.9
178387.0,5,Francisco de Assis,0.0,0.0
178802.0,20,Luiz Carlos Ramos,1.0,5.0
178825.0,90,Leo de Brito,5.0,5.56
178826.0,76,Major Olimpio,1.0,1.32
178827.0,10,Max Filho,0.0,0.0
178828.0,3,Evandro Gussi,1.0,33.33
178829.0,297,Capitão Augusto,6.0,2.02
178830.0,45,Dr. Sinval Malheiros,2.0,4.44
178831.0,15,André Abdon,1.0,6.67
178832.0,82,Leandre,11.0,13.41
178833.0,18,Alexandre Serfiotis,1.0,5.56
178834.0,6,Bebeto,2.0,33.33
178835.0,88,Afonso Motta,5.0,5.68
178836.0,67,Alan Rick,0.0,0.0
178837.0,18,Angelim,0.0,0.0
178838.0,7,César Messias,1.0,14.29
178839.0,39,Jéssica Sales,1.0,2.56
178840.0,27,Rocha,0.0,0.0
178841.0,11,Cícero Almeida,0.0,0.0
178842.0,82,Jhc,5.0,6.1
178843.0,195,Marx Beltrão,4.0,2.05
178844.0,24,Pedro Vilela,3.0,12.5
178845.0,9,Ronaldo Lessa,0.0,0.0
178846.0,70,Alfredo Nascimento,0.0,0.0
178847.0,23,Arthur Virgílio Bisneto,0.0,0.0
178848.0,21,Conceição Sampaio,2.0,9.52
178849.0,22,Hissa Abrahão,0.0,0.0
178850.0,15,Marcos Rotta,0.0,0.0
178851.0,4,Jozi Araújo,0.0,0.0
178852.0,16,Marcos Reategui,1.0,6.25
178853.0,4,Caetano,0.0,0.0
178854.0,24,Elmar Nascimento,4.0,16.67
178855.0,9,Irmão Lazaro,0.0,0.0
178856.0,14,João Gualberto,0.0,0.0
178857.0,253,Jorge Solla,15.0,5.93
178858.0,46,Mário Negromonte Jr.,2.0,4.35
178859.0,12,Moema Gramacho,0.0,0.0
178860.0,27,Paulo Azi,0.0,0.0
178861.0,81,Ronaldo Carletto,2.0,2.47
178862.0,55,Tia Eron,4.0,7.27
178863.0,39,Uldurico Junior,2.0,5.13
178864.0,32,Adail Carneiro,1.0,3.12
178865.0,175,Cabo Sabino,2.0,1.14
178866.0,184,Luizianne Lins,13.0,7.07
178867.0,7,Macedo,0.0,0.0
178868.0,38,Odorico Monteiro,4.0,10.53
178869.0,77,Vitor Valim,0.0,0.0
178870.0,25,Roney Nemer,2.0,8.0
178871.0,217,Evair de Melo,13.0,5.99
178872.0,13,Givaldo Vieira,0.0,0.0
178873.0,250,Helder Salomão,10.0,4.0
178874.0,94,Sergio Vidigal,3.0,3.19
178875.0,11,Alexandre Baldy,0.0,0.0
178876.0,126,Célio Silveira,2.0,1.59
178877.0,32,Fábio Sousa,2.0,6.25
178878.0,18,Giuseppe Vecci,1.0,5.56
178879.0,36,Lucas Vergilio,2.0,5.56
178880.0,15,Marcos Abrão,0.0,0.0
178881.0,84,Aluisio Mendes,2.0,2.38
178882.0,36,André Fufuca,3.0,8.33
178883.0,21,Eliziane Gama,1.0,4.76
178884.0,168,Hildo Rocha,7.0,4.17
178885.0,3,Junior Marreca,0.0,0.0
178886.0,25,Juscelino Rezende Filho,2.0,8.0
178887.0,330,Rubens Pereira Júnior,4.0,1.21
178888.0,52,Victor Mendes,0.0,0.0
178889.0,112,Zé Carlos,8.0,7.14
178890.0,9,Adelmo Carneiro Leão,2.0,22.22
178891.0,16,Caio Narcio,0.0,0.0
178892.0,10,Dâmina Pereira,0.0,0.0
178893.0,13,Delegado Edson Moreira,0.0,0.0
178894.0,65,Laudivio Carvalho,1.0,1.54
178895.0,25,Misael Varella,4.0,16.0
178896.0,44,Newton Cardoso Jr,3.0,6.82
178897.0,13,Rodrigo Pacheco,0.0,0.0
178898.0,43,Tenente Lúcio,1.0,2.33
178900.0,8,Carlos Marun,1.0,12.5
178901.0,15,Tereza Cristina,2.0,13.33
178902.0,4,Zeca do Pt,0.0,0.0
178903.0,3,Adilton Sachetti,1.0,33.33
178904.0,6,Ezequiel Fonseca,0.0,0.0
178905.0,16,Fabio Garcia,1.0,6.25
178906.0,6,Beto Salame,0.0,0.0
178907.0,21,Francisco Chapadinha,0.0,0.0
178908.0,58,Delegado Éder Mauro,2.0,3.45
178909.0,50,Hélio Leite,3.0,6.0
178910.0,45,Joaquim Passarinho,1.0,2.22
178911.0,9,Simone Morgado,0.0,0.0
178912.0,59,Pedro Cunha Lima,4.0,6.78
178913.0,159,Veneziano Vital do Rêgo,1.0,0.63
178914.0,7,Adalberto Cavalcanti,0.0,0.0
178915.0,18,Betinho Gomes,0.0,0.0
178916.0,51,Daniel Coelho,3.0,5.88
178917.0,16,João Fernando Coutinho,1.0,6.25
178918.0,28,Kaio Maniçoba,0.0,0.0
178919.0,24,Marinaldo Rosendo,1.0,4.17
178920.0,13,Ricardo Teobaldo,1.0,7.69
178921.0,19,Sebastião Oliveira,1.0,5.26
178922.0,45,Tadeu Alencar,5.0,11.11
178923.0,5,Zeca Cavalcanti,0.0,0.0
178924.0,39,Capitão Fábio Abreu,1.0,2.56
178925.0,351,Rejane Dias,16.0,4.56
178926.0,21,Rodrigo Martins,1.0,4.76
178927.0,92,Aliel Machado,1.0,1.09
178928.0,35,Christiane de Souza Yared,2.0,5.71
178929.0,124,Diego Garcia,9.0,7.26
178930.0,32,Evandro Roman,5.0,15.62
178931.0,160,Luciano Ducci,8.0,5.0
178932.0,167,Marcelo Belinati,0.0,0.0
178933.0,56,Sergio Souza,3.0,5.36
178934.0,50,Toninho Wandscheer,5.0,10.0
178935.0,2,Rossoni,0.0,0.0
178936.0,19,Alexandre Valle,0.0,0.0
178937.0,52,Altineu Côrtes,3.0,5.77
178938.0,62,Cabo Daciolo,1.0,1.61
178939.0,56,Clarissa Garotinho,1.0,1.79
178940.0,8,Dr. João,0.0,0.0
178941.0,14,Ezequiel Teixeira,0.0,0.0
178942.0,45,Marco Antônio Cabral,0.0,0.0
178943.0,111,Marcos Soares,2.0,1.8
178944.0,45,Roberto Sales,0.0,0.0
178945.0,60,Rosangela Gomes,5.0,8.33
178946.0,81,Soraya Santos,10.0,12.35
178947.0,119,Sóstenes Cavalcante,7.0,5.88
178948.0,63,Beto Rosado,3.0,4.76
178949.0,6,Zenaide Maia,1.0,16.67
178950.0,7,Antônio Jácome,1.0,14.29
178951.0,88,Rafael Motta,3.0,3.41
178952.0,60,Walter Alves,2.0,3.33
178953.0,52,Expedito Netto,0.0,0.0
178954.0,140,Lucio Mosquini,3.0,2.14
178955.0,7,Luiz Cláudio,0.0,0.0
178956.0,200,Mariana Carvalho,14.0,7.0
178958.0,9,Carlos Andrade,0.0,0.0
178959.0,45,Hiran Gonçalves,5.0,11.11
178960.0,17,Remídio Monai,2.0,11.76
178961.0,56,Shéridan,1.0,1.79
178962.0,36,Carlos Gomes,5.0,13.89
178963.0,87,Covatti Filho,4.0,4.6
178964.0,98,Heitor Schuch,6.0,6.12
178965.0,44,João Derly,2.0,4.55
178966.0,69,Geovania de Sá,4.0,5.8
178967.0,7,João Paulo Kleinübing,0.0,0.0
178968.0,6,Adelson Barreto,0.0,0.0
178969.0,58,Fábio Mitidieri,3.0,5.17
178970.0,322,João Daniel,12.0,3.73
178971.0,4,Jony Marcos,0.0,0.0
178972.0,98,Alex Manente,3.0,3.06
178973.0,21,Ana Perugini,0.0,0.0
178974.0,9,Andres Sanchez,0.0,0.0
178975.0,76,Baleia Rossi,9.0,11.84
178976.0,13,Bruno Covas,1.0,7.69
178977.0,28,Eduardo Cury,3.0,10.71
178978.0,57,Flavinho,0.0,0.0
178979.0,6,Floriano Pesaro,0.0,0.0
178980.0,134,Goulart,1.0,0.75
178981.0,43,Herculano Passos,4.0,9.3
178982.0,32,Luiz Lauro Filho,2.0,6.25
178983.0,33,Marcio Alvino,5.0,15.15
178984.0,16,Miguel Haddad,0.0,0.0
178985.0,64,Miguel Lombardi,4.0,6.25
178986.0,296,Nilto Tatto,12.0,4.05
178987.0,113,Orlando Silva,5.0,4.42
178988.0,9,João Paulo Papa,1.0,11.11
178989.0,295,Renata Abreu,8.0,2.71
178990.0,21,Samuel Moreira,2.0,9.52
178991.0,5,Sérgio Reis,0.0,0.0
178992.0,51,Vitor Lippi,8.0,15.69
178993.0,348,Carlos Henrique Gaguim,3.0,0.86
178994.0,49,Dulce Miranda,7.0,14.29
178995.0,1,Roberto Góes,0.0,0.0
178996.0,6,Giovani Feltes,2.0,33.33
178997.0,91,Moses Rodrigues,3.0,3.3
178998.0,7,Raquel Muniz,2.0,28.57
178999.0,10,Brunny,0.0,0.0
179000.0,57,Marcelo Álvaro Antônio,2.0,3.51
179001.0,17,Márcio Biolchi,3.0,17.65
179587.0,47,Vitor Hugo,1.0,2.13
180214.0,23,Pastor Diniz,0.0,0.0
180545.0,6,Osmar Bertoldi,0.0,0.0
181316.0,31,Elizeu Dionizio,0.0,0.0
182146.0,9,Wolmer Araújo,0.0,0.0
185500.0,4,Deoclides Macedo,0.0,0.0
186775.0,29,Pastor Franklin,0.0,0.0
187008.0,15,Silas Freire,0.0,0.0
188097.0,66,Merlong Solano,4.0,6.06
189593.0,28,Wadih Damous,1.0,3.57
190149.0,9,Fabricio Oliveira,0.0,0.0
191923.0,83,Flavio Nogueira,5.0,6.02
191945.0,2,Zé Augusto Nalin,0.0,0.0
192120.0,10,Angela Albino,1.0,10.0
193066.0,2,Wilson Beserra,0.0,0.0
193165.0,33,Átila A. Nunes,0.0,0.0
193726.0,58,Paulo Martins,2.0,3.45
193982.0,10,Pastor Luciano Braga,0.0,0.0
194258.0,5,Creuza Pereira,1.0,20.0
194260.0,74,Nivaldo Albuquerque,1.0,1.35
194261.0,8,Cajar Nardes,0.0,0.0
194262.0,5,Jones Martins,0.0,0.0
194592.0,4,Ildon Marques,1.0,25.0
195143.0,36,André Amaral,1.0,2.78
195278.0,17,Moisés Diniz,0.0,0.0
195826.0,14,Marcelo Delaroli,0.0,0.0
195866.0,11,Vaidon Oliveira,0.0,0.0
195997.0,14,Pollyana Gama,2.0,14.29
196357.0,6,Dejorge Patrício,0.0,0.0
196358.0,19,Lourival Gomes,1.0,5.26
196359.0,15,Adérmis Marini,0.0,0.0
196378.0,6,Izaque Silva,0.0,0.0
197438.0,21,Tito,1.0,4.76
198197.0,59,Greyce Elias,4.0,6.78
198198.0,2,Luzia Ferreira,0.0,0.0
198783.0,87,Emanuel Pinheiro Neto,2.0,2.3
198963.0,12,Rogério Silva,0.0,0.0
199809.0,1,Xuxu Dal Molin,0.0,0.0
200153.0,7,Prof. Gedeão Amorim,0.0,0.0
202063.0,1,Osvaldo Mafra,0.0,0.0
204011.0,3,Professor Pacco,0.0,0.0
204351.0,53,Dr. Luiz Ovando,2.0,3.77
204352.0,106,Camilo Capiberibe,2.0,1.89
204353.0,53,Aline Gurgel,5.0,9.43
204354.0,26,Flávia Arruda,5.0,19.23
204355.0,64,Da Vitoria,1.0,1.56
204356.0,62,Amaro Neto,4.0,6.45
204357.0,67,Rose Modesto,8.0,11.94
204358.0,38,Beto Pereira,1.0,2.63
204359.0,106,Léo Moraes,0.0,0.0
204360.0,58,Silvia Cristina,3.0,5.17
204361.0,71,Carlos Chiodini,4.0,5.63
204362.0,17,Ricardo Guidi,1.0,5.88
204363.0,13,Osires Damaso,0.0,0.0
204364.0,39,Eli Borges,1.0,2.56
204365.0,84,Gilson Marques,1.0,1.19
204366.0,72,Rodrigo Coelho,11.0,15.28
204367.0,53,Daniel Freitas,6.0,11.32
204368.0,33,Fabio Schiochet,1.0,3.03
204369.0,82,Caroline de Toni,3.0,3.66
204370.0,158,Célio Moura,8.0,5.06
204371.0,92,Felipe Rigoni,5.0,5.43
204372.0,130,Julio Cesar Ribeiro,8.0,6.15
204373.0,20,Hélio Costa,1.0,5.0
204374.0,99,Bia Kicis,5.0,5.05
204375.0,32,Leda Sadala,1.0,3.12
204376.0,74,Coronel Armando,4.0,5.41
204377.0,160,Paula Belmonte,10.0,6.25
204378.0,99,Coronel Chrisóstomo,2.0,2.02
204379.0,64,Acácio Favacho,1.0,1.56
204380.0,66,Celina Leão,4.0,6.06
204381.0,106,Luis Miranda,1.0,0.94
204382.0,45,Loester Trutis,0.0,0.0
204383.0,95,Professor Israel Batista,8.0,8.42
204384.0,80,Ney Leprevost,1.0,1.25
204385.0,14,Valdevan Noventa,1.0,7.14
204386.0,37,Jose Mario Schreiner,2.0,5.41
204387.0,100,Sargento Fahur,3.0,3.0
204388.0,146,Bibo Nunes,6.0,4.11
204389.0,44,Elias Vaz,0.0,0.0
204390.0,42,Professor Alcides,2.0,4.76
204391.0,318,José Nelto,1.0,0.31
204392.0,78,Francisco Jr.,4.0,5.13
204393.0,204,Frei Anastacio Ribeiro,9.0,4.41
204394.0,86,Gervásio Maia,3.0,3.49
204395.0,47,Pedro Lupion,3.0,6.38
204396.0,55,Vermelho,3.0,5.45
204397.0,77,Boca Aberta,0.0,0.0
204398.0,39,Felipe Francischini,1.0,2.56
204399.0,42,Schiavinato,0.0,0.0
204400.0,40,Aline Sleutjes,2.0,5.0
204403.0,8,Marlon Santos,0.0,0.0
204404.0,68,Lucas Redecker,4.0,5.88
204405.0,32,Liziane Bayer,1.0,3.12
204406.0,68,Pedro Westphalen,9.0,13.24
204407.0,199,Fernanda Melchionna,9.0,4.52
204408.0,39,Gustinho Ribeiro,1.0,2.56
204409.0,38,Daniel Trzeciak,3.0,7.89
204410.0,90,Luisa Canziani,9.0,10.0
204411.0,87,Filipe Barros,3.0,3.45
204412.0,118,Dr. Zacharias Calil,11.0,9.32
204413.0,4,Alcides Rodrigues,0.0,0.0
204414.0,32,Aroldo Martins,4.0,12.5
204415.0,150,Nereu Crispim,2.0,1.33
204416.0,176,Sanderson,6.0,3.41
204418.0,61,Luizão Goulart,2.0,3.28
204419.0,52,Glaustin Fokus,2.0,3.85
204420.0,27,Julian Lemos,1.0,3.7
204421.0,176,Edna Henrique,0.0,0.0
204422.0,67,Ossesio Silva,3.0,4.48
204423.0,44,André Ferreira,5.0,11.36
204425.0,24,Silvio Costa Filho,2.0,8.33
204426.0,200,Carlos Veras,11.0,5.5
204427.0,92,Fernando Rodolfo,2.0,2.17
204428.0,165,Marília Arraes,12.0,7.27
204429.0,72,João H. Campos,7.0,9.72
204430.0,46,Margarete Coelho,12.0,26.09
204431.0,14,Marcos Aurélio Sampaio,2.0,14.29
204432.0,23,Marina Santos,1.0,4.35
204433.0,45,Marcelo Calero,5.0,11.11
204434.0,9,Dra. Vanda Milani,0.0,0.0
204435.0,47,Jesus Sérgio,3.0,6.38
204436.0,35,Isnaldo Bulhões Jr.,5.0,14.29
204437.0,33,Severino Pessoa,2.0,6.06
204438.0,6,Sergio Toledo,2.0,33.33
204439.0,48,Dr. Leonardo,3.0,6.25
204440.0,44,Christino Aureo,4.0,9.09
204441.0,77,Otoni de Paula,3.0,3.9
204442.0,46,Gurgel,1.0,2.17
204444.0,169,Helio Lopes,2.0,1.18
204445.0,28,Fernando Mineiro,0.0,0.0
204446.0,28,Professor Joziel,2.0,7.14
204447.0,18,Flordelis,0.0,0.0
204448.0,19,Luiz Antônio Corrêa,2.0,10.53
204449.0,43,Nelson Barbudo,2.0,4.65
204450.0,80,Dr. Luiz Antonio Teixeira Jr.,10.0,12.5
204451.0,56,Delegado Antônio Furtado,1.0,1.79
204452.0,32,Márcio Labre,1.0,3.12
204453.0,174,Natália Bonavides,11.0,6.32
204454.0,59,Daniel Silveira,1.0,1.69
204455.0,125,Luiz Lima,5.0,4.0
204456.0,60,Gutemberg Reis,5.0,8.33
204457.0,198,Juninho do Pneu,2.0,1.01
204458.0,65,Major Fabiana,1.0,1.54
204459.0,58,Daniela do Waguinho,3.0,5.17
204460.0,77,Carlos Jordy,3.0,3.9
204461.0,70,Paulo Ganime,4.0,5.71
204462.0,91,Chris Tonietto,2.0,2.2
204463.0,24,Wladimir Garotinho,1.0,4.17
204464.0,197,Talíria Petrone,9.0,4.57
204465.0,13,Haroldo Cathedral,1.0,7.69
204466.0,103,Tereza Nelma,10.0,9.71
204467.0,236,Professora Rosa Neide,17.0,7.2
204468.0,48,Joenia Wapichana,5.0,10.42
204469.0,10,Manuel Marcos,0.0,0.0
204471.0,63,Mara Rocha,4.0,6.35
204472.0,283,José Medeiros,1.0,0.35
204473.0,87,General Girão,1.0,1.15
204474.0,31,Juarez Costa,2.0,6.45
204475.0,14,Otaci Nascimento,4.0,28.57
204476.0,48,Chiquinho Brazão,0.0,0.0
204477.0,40,Felício Laterça,1.0,2.5
204478.0,51,Vinicius Farah,3.0,5.88
204479.0,113,Nicoletti,0.0,0.0
204480.0,208,Rogério Correia,8.0,3.85
204481.0,82,Dr. Jaziel,2.0,2.44
204482.0,24,Euclydes Pettersen,2.0,8.33
204483.0,85,Vilson da Fetaemg,1.0,1.18
204484.0,57,General Peternelli,5.0,8.77
204485.0,65,Luiz Carlos Motta,3.0,4.62
204486.0,23,Mauro Benevides Filho,2.0,8.7
204487.0,51,Capitão Wagner,2.0,3.92
204488.0,389,Célio Studart,6.0,1.54
204489.0,10,Robério Monteiro,0.0,0.0
204490.0,27,Charlles Evangelista,1.0,3.7
204491.0,104,Gilberto Abramo,5.0,4.81
204492.0,106,Paulo Guedes,7.0,6.6
204494.0,154,Fred Costa,9.0,5.84
204495.0,181,Airton Faleiro,13.0,7.18
204496.0,71,Celso Sabino,4.0,5.63
204497.0,50,Júnior Ferrari,1.0,2.0
204498.0,26,Olival Marques,1.0,3.85
204499.0,80,Cássio Andrade,1.0,1.25
204500.0,72,Eduardo Costa,0.0,0.0
204501.0,177,Alencar Santana Braga,11.0,6.21
204502.0,41,Júnior Bozzella,0.0,0.0
204503.0,194,Alexandre Padilha,19.0,9.79
204504.0,62,Cezinha de Madureira,7.0,11.29
204505.0,22,Vavá Martins,2.0,9.09
204506.0,32,Marcos Pereira,6.0,18.75
204507.0,132,Carla Zambelli,3.0,2.27
204508.0,48,Igor Timo,2.0,4.17
204509.0,77,Áurea Carolina,5.0,6.49
204510.0,37,Franco Cartafina,5.0,13.51
204511.0,157,David Soares,4.0,2.55
204512.0,88,Delegado Marcelo Freitas,1.0,1.14
204513.0,66,Guiga Peixoto,0.0,0.0
204514.0,106,Coronel Tadeu,1.0,0.94
204515.0,48,André Janones,2.0,4.17
204516.0,74,Alexis Fonteyne,0.0,0.0
204517.0,113,Zé Vitor,5.0,4.42
204518.0,71,Dr. Frederico,5.0,7.04
204519.0,69,Tiago Mitraud,3.0,4.35
204520.0,98,Junio Amaral,1.0,1.02
204521.0,45,Abou Anni,1.0,2.22
204522.0,22,Marco Bertaiolli,3.0,13.64
204523.0,79,Lucas Gonzalez,0.0,0.0
204524.0,79,Pinheirinho,4.0,5.06
204525.0,120,Rosana Valle,4.0,3.33
204526.0,159,Luiz Philippe de Orleans e Bragança,3.0,1.89
204527.0,153,Geninho Zuliani,9.0,5.88
204528.0,208,Adriana Ventura,8.0,3.85
204529.0,65,Policial Katia Sastre,1.0,1.54
204530.0,128,Rodrigo Agostinho,3.0,2.34
204531.0,81,Guilherme Derrite,1.0,1.23
204532.0,51,Vinicius Poit,3.0,5.88
204533.0,49,Idilvan Alencar,5.0,10.2
204534.0,209,Tabata Amaral,16.0,7.66
204535.0,202,Sâmia Bomfim,10.0,4.95
204536.0,307,Kim Kataguiri,8.0,2.61
204537.0,22,Enrico Misasi,2.0,9.09
204538.0,103,Paulo Bengtson,2.0,1.94
204539.0,66,Hercílio Coelho Diniz,2.0,3.03
204540.0,98,Maria Rosas,4.0,4.08
204541.0,168,Eduardo Bismarck,6.0,3.57
204542.0,133,Denis Bezerra,3.0,2.26
204543.0,21,Luiz Flávio Gomes,1.0,4.76
204544.0,676,Alexandre Frota,2.0,0.3
204545.0,48,Alê Silva,1.0,2.08
204546.0,53,Joice Hasselmann,4.0,7.55
204547.0,20,Léo Motta,1.0,5.0
204548.0,59,Heitor Freire,0.0,0.0
204549.0,31,AJ Albuquerque,2.0,6.45
204550.0,85,Júnior Mano,4.0,4.71
204551.0,12,Bosco Saraiva,3.0,25.0
204552.0,15,Eduardo Braide,3.0,20.0
204553.0,104,Pastor Sargento Isidório,0.0,0.0
204554.0,11,Abílio Santana,2.0,18.18
204555.0,182,José Ricardo,8.0,4.4
204556.0,54,Marcelo Ramos,2.0,3.7
204557.0,68,Sidney Leite,3.0,4.41
204558.0,31,Marcelo Nilo,3.0,9.68
204559.0,91,Zé Neto,6.0,6.59
204560.0,21,Adolfo Viana,2.0,9.52
204561.0,114,Bira do Pindaré,3.0,2.63
204562.0,12,Edilázio Júnior,1.0,8.33
204563.0,11,Josimar Maranhãozinho,2.0,18.18
204564.0,35,Igor Kannário,0.0,0.0
204565.0,30,Professora Dayane Pimentel,0.0,0.0
204566.0,103,Marreca Filho,1.0,0.97
204567.0,24,Raimundo Costa,1.0,4.17
204569.0,38,Delegado Pablo,1.0,2.63
204570.0,144,Gildenemyr,2.0,1.39
204571.0,42,Alex Santana,2.0,4.76
204572.0,319,Capitão Alberto Neto,12.0,3.76
204573.0,77,Otto Alencar Filho,4.0,5.19
204574.0,17,Junior Lourenço,0.0,0.0
204575.0,25,Gil Cutrim,2.0,8.0
204576.0,28,João Roma,0.0,0.0
204760.0,2,Washington Coração Valente,0.0,0.0
205476.0,75,Charles Fernandes,2.0,2.67
205535.0,66,Patricia Ferraz,2.0,3.03
205548.0,90,David Miranda,5.0,5.56
205550.0,21,Jorge Braz,3.0,14.29
205863.0,53,Marcelo Brum,2.0,3.77
205865.0,42,Reinhold Stephanes Junior,2.0,4.76
206018.0,61,Célia Xakriabá,2.0,3.28
206231.0,58,Ted Conti,2.0,3.45
207176.0,29,Bia Cavassa,2.0,6.9
207309.0,24,Enéias Reis,0.0,0.0
209189.0,82,Joseildo Ramos,5.0,6.1
209787.0,44,Nikolas Ferreira,1.0,2.27
210989.0,28,Bruno Farias,0.0,0.0
211649.0,1,Ricardo Pericar,0.0,0.0
211866.0,14,Fabiano Tolentino,0.0,0.0
212504.0,6,Fernando Borja,0.0,0.0
212625.0,15,Dr. Gonçalo,0.0,0.0
212749.0,2,Marcão Gomes,0.0,0.0
213274.0,131,Ricardo Silva,2.0,1.53
213679.0,3,Dr. João,0.0,0.0
213762.0,80,Carla Dickson,7.0,8.75
213854.0,1,Dr. Agripino Magalhães,0.0,0.0
213856.0,29,Deuzinho Filho,0.0,0.0
214445.0,3,Nilson F. Stainsack,0.0,0.0
214477.0,3,Rrenato Queiroz,0.0,0.0
214694.0,61,Jorge Goetten,2.0,3.28
214865.0,16,Joceval Rodrigues,0.0,0.0
215042.0,3,Ricardo da Karol,2.0,66.67
215043.0,29,Josivaldo Jp,0.0,0.0
215044.0,47,Vivi Reis,2.0,4.26
215045.0,12,Pedro Augusto Palareti,0.0,0.0
215361.0,4,Rachel Marques,0.0,0.0
216198.0,1,Norma Pereira,0.0,0.0
216313.0,11,Rafafá,1.0,9.09
216544.0,4,Paulo Vicente Caleffi,0.0,0.0
216545.0,7,Totonho Lopes,1.0,14.29
217036.0,4,Henrique do Paraíso,0.0,0.0
217330.0,1,Pedro Dalua,1.0,100.0
217480.0,15,Jones Moura,2.0,13.33
218086.0,31,Ely Santos,0.0,0.0
218245.0,1,Jorielson,0.0,0.0
218741.0,2,Patrick Dorneles,0.0,0.0
218879.0,3,Nelho Bezerra,0.0,0.0
219568.0,5,Tiago Andrino,0.0,0.0
219585.0,56,Marco Brasil,2.0,3.57
219592.0,4,Lucas Follador,0.0,0.0
219599.0,12,Sargento Alexandre,0.0,0.0
220008.0,16,Eliza Virgínia,1.0,6.25
220526.0,38,Gilvan da Federal,1.0,2.63
220527.0,23,Jack Rocha,0.0,0.0
220528.0,50,Dr. Victor Linhalis,0.0,0.0
220529.0,50,Gilson Daniel,2.0,4.0
220530.0,76,Messias Donato,1.0,1.32
220531.0,71,Gilvan Maximo,0.0,0.0
220532.0,34,Rafael Prudente,2.0,5.88
220533.0,32,Prof. Reginaldo Veras,0.0,0.0
220534.0,93,Fred Linhares,1.0,1.08
220536.0,37,Zé Haroldo Cathedral,2.0,5.41
220537.0,21,Helena Lima,1.0,4.76
220538.0,36,Albuquerque,0.0,0.0
220539.0,49,Defensor Stélio Dener,2.0,4.08
220540.0,133,Duda Ramos,0.0,0.0
220542.0,55,Alexandre Guimarães,1.0,1.82
220543.0,90,Ricardo Ayres,2.0,2.22
220544.0,15,Antonio Andrade,0.0,0.0
220545.0,34,Filipe Martins,1.0,2.94
220546.0,59,Rodolfo Nogueira,1.0,1.69
220547.0,111,Marcos Pollon,1.0,0.9
220548.0,72,Camila Jara,3.0,4.17
220549.0,54,Any Ortiz,1.0,1.85
220550.0,71,Mauricio Marcon,2.0,2.82
220551.0,35,Franciane Bayer,1.0,2.86
220552.0,67,Zucco,1.0,1.49
220553.0,61,Denise Pessôa,1.0,1.64
220554.0,62,Alexandre Lindenmeyer,0.0,0.0
220555.0,48,Daiana Santos,1.0,2.08
220556.0,75,Ana Paula Lima,3.0,4.0
220557.0,44,Daniela Reinehr,1.0,2.27
220558.0,69,Zé Trovão,2.0,2.9
220559.0,63,Julia Zanatta,0.0,0.0
220560.0,29,Thiago de Joaldo,0.0,0.0
220561.0,29,Delegada Katarina,0.0,0.0
220563.0,25,Icaro de Valmir,1.0,4.0
220564.0,70,Yandra Moura,0.0,0.0
220565.0,49,Delegada Adriana Accorsi,2.0,4.08
220566.0,48,Lêda Borges,0.0,0.0
220567.0,37,Jeferson Rodrigues,0.0,0.0
220568.0,52,Gustavo Gayer,2.0,3.85
220569.0,84,Silvye Alves,0.0,0.0
220570.0,24,Ismael Alexandrino,1.0,4.17
220571.0,57,Daniel Agrobom,0.0,0.0
220572.0,23,Marussa Boldrin,1.0,4.35
220573.0,31,Dorinaldo Malafaia,0.0,0.0
220574.0,164,Cabo Gilberto Silva,1.0,0.61
220575.0,24,Sonize Barbosa,1.0,4.17
220576.0,65,Alfredo Gaspar,2.0,3.08
220577.0,24,Augusto Puppio,1.0,4.17
220578.0,35,Josenildo,0.0,0.0
220579.0,71,Silvia Waiãpi,1.0,1.41
220580.0,30,Professora Goreth,1.0,3.33
220581.0,23,Luciano Amaral,3.0,13.04
220582.0,16,Daniel Barbosa,0.0,0.0
220583.0,54,Delegado Fabio Costa,0.0,0.0
220584.0,42,Murilo Galdino,1.0,2.38
220585.0,20,Mersinho Lucena,0.0,0.0
220586.0,47,Rafael Brito,1.0,2.13
220587.0,45,Gerlen Diniz,3.0,6.67
220588.0,59,Roberto Duarte,1.0,1.69
220589.0,31,Eduardo Velloso,0.0,0.0
220590.0,40,Coronel Ulysses,1.0,2.5
220591.0,37,Meire Serafim,0.0,0.0
220592.0,17,Zezinho Barbary,0.0,0.0
220593.0,42,Abilio Brunini,1.0,2.38
220594.0,55,Coronel Assis,0.0,0.0
220595.0,55,Coronel Fernanda,1.0,1.82
220596.0,22,Amália Barros,1.0,4.55
220597.0,40,Thiago Flores,1.0,2.5
220598.0,61,Tarcísio Motta,0.0,0.0
220599.0,51,Marcelo Crivella,1.0,1.96
220600.0,34,Lebrão,0.0,0.0
220601.0,16,Washington Quaquá,0.0,0.0
220602.0,28,Dimas Gadelha,0.0,0.0
220603.0,25,Dani Cunha,0.0,0.0
220604.0,189,Marcos Tavares,0.0,0.0
220605.0,28,Bandeira de Mello,1.0,3.57
220606.0,40,Reimont,2.0,5.0
220607.0,78,Max Lemos,0.0,0.0
220608.0,46,Cristiane Lopes,1.0,2.17
220609.0,29,Maurício Carvalho,0.0,0.0
220610.0,71,Dr. Fernando Máximo,0.0,0.0
220611.0,43,General Pazuello,0.0,0.0
220612.0,26,Bebeto,0.0,0.0
220613.0,40,Roberto Monteiro Pai,0.0,0.0
220614.0,25,Dr. Daniel Soranz,2.0,8.0
220615.0,59,Pastor Henrique Vieira,0.0,0.0
220616.0,21,Luciano Vieira,0.0,0.0
220617.0,31,Murillo Gouvea,0.0,0.0
220618.0,93,Sargento Portugal,1.0,1.08
220619.0,50,Delegado Ramagem,2.0,4.0
220620.0,33,Rosângela Reis,1.0,3.03
220621.0,63,Sargento Gonçalves,0.0,0.0
220622.0,39,Nely Aquino,2.0,5.13
220623.0,103,Duda Salabert,1.0,0.97
220624.0,16,Robinson Faria,0.0,0.0
220625.0,42,Delegada Ione,1.0,2.38
220626.0,20,Rafael Simoes,0.0,0.0
220627.0,39,Paulinho Freire,2.0,5.13
220628.0,49,Mauricio do Vôlei,1.0,2.04
220629.0,47,Dandara,1.0,2.13
220630.0,140,Pedro Aihara,1.0,0.71
220631.0,27,Samuel Viana,0.0,0.0
220632.0,36,Ana Pimentel,2.0,5.56
220633.0,29,Ricardo Salles,0.0,0.0
220634.0,15,Marcelo Lima,0.0,0.0
220635.0,83,Bruno Ganem,0.0,0.0
220638.0,32,Antonio Carlos Rodrigues,1.0,3.12
220639.0,46,Guilherme Boulos,0.0,0.0
220640.0,51,Juliana Cardoso,1.0,1.96
220641.0,45,Rodrigo Gambale,2.0,4.44
220642.0,78,Delegado Bruno Lima,0.0,0.0
220644.0,69,Rosângela Moro,1.0,1.45
220645.0,71,Erika Hilton,2.0,2.82
220646.0,38,Felipe Becari,0.0,0.0
220647.0,37,Mauricio Neves,0.0,0.0
220648.0,111,Marangoni,2.0,1.8
220649.0,20,Delegado da Cunha,0.0,0.0
220650.0,27,Paulo Alexandre Barbosa,0.0,0.0
220651.0,35,Simone Marquetto,4.0,11.43
220652.0,82,Delegado Palumbo,1.0,1.22
220653.0,49,Fábio Teruel,0.0,0.0
220654.0,87,Delegado Paulo Bilynskyj,2.0,2.3
220655.0,66,Mario Frias,1.0,1.52
220656.0,54,Fernanda Pessoa,1.0,1.85
220657.0,51,André Fernandes,1.0,1.96
220658.0,21,Luiz Gastão,1.0,4.76
220659.0,121,Dayany Bittencourt,0.0,0.0
220660.0,35,Yury do Paredão,0.0,0.0
220661.0,10,Matheus Noronha,1.0,10.0
220662.0,21,Lucas Ramos,1.0,4.76
220663.0,39,Eriberto Medeiros,1.0,2.56
220664.0,23,Guilherme Uchoa,1.0,4.35
220665.0,44,Clarissa Tércio,0.0,0.0
220666.0,56,Coronel Meira,1.0,1.79
220667.0,64,Pedro Campos,2.0,3.12
220668.0,45,Maria Arraes,4.0,8.89
220669.0,40,Lula da Fonte,1.0,2.5
220670.0,37,Iza Arruda,4.0,10.81
220671.0,15,Dilvanda Faro,1.0,6.67
220672.0,32,Henderson Pinto,1.0,3.12
220673.0,88,Delegado Caveira,0.0,0.0
220674.0,40,Dra. Alessandra Haber,1.0,2.5
220675.0,6,Antônio Doido,1.0,16.67
220676.0,27,Andreia Siqueira,1.0,3.7
220677.0,7,Keniston Braga,0.0,0.0
220681.0,16,Fábio Macedo,1.0,6.25
220682.0,29,Tadeu Veneri,0.0,0.0
220683.0,26,Beto Richa,0.0,0.0
220684.0,40,Tião Medeiros,0.0,0.0
220685.0,36,Paulo Litro,1.0,2.78
220686.0,207,Duarte Jr.,4.0,1.93
220687.0,28,Márcio Honaiser,0.0,0.0
220688.0,26,Dr. Francisco,1.0,3.85
220689.0,13,Detinha,1.0,7.69
220690.0,86,Capitão Alden,0.0,0.0
220691.0,17,Diego Coronel,1.0,5.88
220692.0,10,Dal Barreto,0.0,0.0
220693.0,27,Roberta Roma,1.0,3.7
220694.0,14,Ricardo Maia,0.0,0.0
220695.0,82,Rogéria Santos,1.0,1.22
220696.0,19,Ivoneide Caetano,1.0,5.26
220697.0,33,Jadyel Alencar,0.0,0.0
220698.0,17,Beto Preto,1.0,5.88
220699.0,15,Castro Neto,1.0,6.67
220700.0,36,Florentino Neto,2.0,5.56
220701.0,110,Delegado Matheus Laiola,0.0,0.0
220702.0,30,Geraldo Mendes,0.0,0.0
220703.0,33,Neto Carletto,1.0,3.03
220704.0,47,Carol Dartora,1.0,2.13
220705.0,15,Deltan Dallagnol,0.0,0.0
220706.0,47,Padovani,1.0,2.13
220707.0,26,Amanda Gentil,2.0,7.69
220708.0,15,Gabriel Nunes,1.0,6.67
220712.0,45,Fausto Santos Jr.,1.0,2.22
220713.0,67,Saullo Vianna,0.0,0.0
220714.0,37,Adail Filho,0.0,0.0
220715.0,227,Amom Mandel,1.0,0.44
221148.0,29,Alfredinho,1.0,3.45
221328.0,51,Adilson Barroso,1.0,1.96
221329.0,18,Ricardo Abrão,0.0,0.0
221338.0,73,Professora Luciene Cavalcante,2.0,2.74
221339.0,7,Dr. Benjamim,0.0,0.0
221378.0,22,Reginete Bispo,1.0,4.55
222142.0,51,Coronel Telhada,1.0,1.96
222429.0,6,Luis Carlos Gomes,1.0,16.67
222565.0,6,Soldado Noelio,0.0,0.0
223128.0,16,Rodrigo Estacho,1.0,6.25
223398.0,7,Ulisses Guimarães,0.0,0.0
224117.0,23,Gabriel Mota,0.0,0.0
224333.0,43,Welter,1.0,2.33
225386.0,8,Renan Ferreirinha,0.0,0.0
225727.0,5,Flavinha,0.0,0.0
225730.0,12,Enfermeira Ana Paula,0.0,0.0
226075.0,14,Priscila Costa,1.0,7.14
226179.0,28,Gisela Simona,0.0,0.0
226410.0,9,Márcio Correa,0.0,0.0
226553.0,4,Eliane Braz,0.0,0.0
226708.0,52,Dr. Allan Garcês,0.0,0.0
226837.0,21,Saulo Pedroso,0.0,0.0
227275.0,3,Mariana Carvalho,0.0,0.0
227310.0,3,Silvio Antonio,0.0,0.0
227323.0,6,Luciano Galego,0.0,0.0
227324.0,3,Henrique Júnior,0.0,0.0
227370.0,20,Felipe Saliba,0.0,0.0
227401.0,5,Dr Fabio Rueda,0.0,0.0
227433.0,24,Douglas Viegas,1.0,4.17
227660.0,13,Nitinho,0.0,0.0
227800.0,4,Duarte Gonçalves Jr,0.0,0.0
227991.0,2,Dr Flávio,0.0,0.0
228272.0,3,Délio Pinheiro,0.0,0.0
228616.0,3,Dr. Remy Soares,0.0,0.0
228797.0,8,Júlio Oliveira,0.0,0.0
228837.0,4,Juliana Kolankiewicz,0.0,0.0
228941.0,8,Daniel José,0.0,0.0
229069.0,4,Capitão Samuel,0.0,0.0
229082.0,6,Lucyana Genésio,0.0,0.0
229106.0,23,Carla Ayres,0.0,0.0
229112.0,5,Pedro Jr,0.0,0.0
229225.0,42,Missionária Michele Collins,0.0,0.0
229259.0,3,Pedro Tourinho,0.0,0.0
229333.0,4,Gláucia Santiago,0.0,0.0
229432.0,4,Luiz Fernando Vampiro,0.0,0.0
229585.0,14,Elisangela Araujo,0.0,0.0
229939.0,2,Newton Bonin,0.0,0.0
230088.0,4,Dra. Mayra Pinheiro,0.0,0.0
230177.0,6,Tadeu Oliveira,0.0,0.0
230765.0,11,Enfermeira Rejane,0.0,0.0
230767.0,1,Rodrigo da Zaeli,0.0,0.0
230957.0,1,João Cury,0.0,0.0
231911.0,9,Lenir de Assis,0.0,0.0
233594.0,3,Rafael Fera,0.0,0.0
234253.0,14,Lucas Abrahao,0.0,0.0
234310.0,4,Ricardo Galvão,0.0,0.0
234388.0,2,Fabiano Cazeca,0.0,0.0
234673.0,13,Vanderlan Alves,0.0,0.0
234788.0,45,Heloísa Helena,0.0,0.0
235088.0,39,Ribeiro Neto,0.0,0.0
